NAME,YEAR,industry_name,industry_values,
"Anne Arundel County, Maryland",2010,"Agriculture, forestry, fishing and hunting, and mining",725,
"Howard County, Maryland",2010,"Agriculture, forestry, fishing and hunting, and mining",581,
"Prince George's County, Maryland",2010,"Agriculture, forestry, fishing and hunting, and mining",1042,
"Montgomery County, Maryland",2010,"Agriculture, forestry, fishing and hunting, and mining",999,
"District of Columbia, District of Columbia",2010,"Agriculture, forestry, fishing and hunting, and mining",174,
"Calvert County, Maryland",2010,"Agriculture, forestry, fishing and hunting, and mining",52,
"Marin County, California",2010,"Agriculture, forestry, fishing and hunting, and mining",640,
"San Francisco County, California",2010,"Agriculture, forestry, fishing and hunting, and mining",1130,
"San Mateo County, California",2010,"Agriculture, forestry, fishing and hunting, and mining",2788,
"Alameda County, California",2010,"Agriculture, forestry, fishing and hunting, and mining",1936,
"Contra Costa County, California",2010,"Agriculture, forestry, fishing and hunting, and mining",3392,
"Santa Clara County, California",2010,"Agriculture, forestry, fishing and hunting, and mining",5591,
"Anne Arundel County, Maryland",2010,Construction,18854,
"Howard County, Maryland",2010,Construction,7973,
"Prince George's County, Maryland",2010,Construction,33692,
"Montgomery County, Maryland",2010,Construction,30963,
"District of Columbia, District of Columbia",2010,Construction,8866,
"Calvert County, Maryland",2010,Construction,4464,
"Marin County, California",2010,Construction,6769,
"San Francisco County, California",2010,Construction,16023,
"San Mateo County, California",2010,Construction,21010,
"Alameda County, California",2010,Construction,36459,
"Contra Costa County, California",2010,Construction,31364,
"Santa Clara County, California",2010,Construction,42199,
"Anne Arundel County, Maryland",2010,Manufacturing,17226,
"Howard County, Maryland",2010,Manufacturing,6895,
"Prince George's County, Maryland",2010,Manufacturing,12940,
"Montgomery County, Maryland",2010,Manufacturing,15790,
"District of Columbia, District of Columbia",2010,Manufacturing,3113,
"Calvert County, Maryland",2010,Manufacturing,1978,
"Marin County, California",2010,Manufacturing,6563,
"San Francisco County, California",2010,Manufacturing,29079,
"San Mateo County, California",2010,Manufacturing,26993,
"Alameda County, California",2010,Manufacturing,74342,
"Contra Costa County, California",2010,Manufacturing,37735,
"Santa Clara County, California",2010,Manufacturing,156189,
"Anne Arundel County, Maryland",2010,Wholesale trade,7482,
"Howard County, Maryland",2010,Wholesale trade,4075,
"Prince George's County, Maryland",2010,Wholesale trade,4560,
"Montgomery County, Maryland",2010,Wholesale trade,6021,
"District of Columbia, District of Columbia",2010,Wholesale trade,2717,
"Calvert County, Maryland",2010,Wholesale trade,1121,
"Marin County, California",2010,Wholesale trade,3006,
"San Francisco County, California",2010,Wholesale trade,10024,
"San Mateo County, California",2010,Wholesale trade,9701,
"Alameda County, California",2010,Wholesale trade,23531,
"Contra Costa County, California",2010,Wholesale trade,13364,
"Santa Clara County, California",2010,Wholesale trade,18133,
"Anne Arundel County, Maryland",2010,Retail trade,30011,
"Howard County, Maryland",2010,Retail trade,12861,
"Prince George's County, Maryland",2010,Retail trade,37601,
"Montgomery County, Maryland",2010,Retail trade,41531,
"District of Columbia, District of Columbia",2010,Retail trade,15923,
"Calvert County, Maryland",2010,Retail trade,4654,
"Marin County, California",2010,Retail trade,12192,
"San Francisco County, California",2010,Retail trade,42315,
"San Mateo County, California",2010,Retail trade,33553,
"Alameda County, California",2010,Retail trade,71978,
"Contra Costa County, California",2010,Retail trade,49304,
"Santa Clara County, California",2010,Retail trade,88192,
"Anne Arundel County, Maryland",2010,"Transportation and warehousing, and utilities",11091,
"Howard County, Maryland",2010,"Transportation and warehousing, and utilities",4484,
"Prince George's County, Maryland",2010,"Transportation and warehousing, and utilities",24149,
"Montgomery County, Maryland",2010,"Transportation and warehousing, and utilities",10476,
"District of Columbia, District of Columbia",2010,"Transportation and warehousing, and utilities",11159,
"Calvert County, Maryland",2010,"Transportation and warehousing, and utilities",2296,
"Marin County, California",2010,"Transportation and warehousing, and utilities",3051,
"San Francisco County, California",2010,"Transportation and warehousing, and utilities",15012,
"San Mateo County, California",2010,"Transportation and warehousing, and utilities",20839,
"Alameda County, California",2010,"Transportation and warehousing, and utilities",37659,
"Contra Costa County, California",2010,"Transportation and warehousing, and utilities",26338,
"Santa Clara County, California",2010,"Transportation and warehousing, and utilities",20789,
"Anne Arundel County, Maryland",2010,Information,6267,
"Howard County, Maryland",2010,Information,3985,
"Prince George's County, Maryland",2010,Information,9807,
"Montgomery County, Maryland",2010,Information,16346,
"District of Columbia, District of Columbia",2010,Information,11748,
"Calvert County, Maryland",2010,Information,549,
"Marin County, California",2010,Information,3248,
"San Francisco County, California",2010,Information,17971,
"San Mateo County, California",2010,Information,10566,
"Alameda County, California",2010,Information,21330,
"Contra Costa County, California",2010,Information,16307,
"Santa Clara County, California",2010,Information,30861,
"Anne Arundel County, Maryland",2010,"Finance and insurance, and real estate and rental and leasing",17671,
"Howard County, Maryland",2010,"Finance and insurance, and real estate and rental and leasing",10314,
"Prince George's County, Maryland",2010,"Finance and insurance, and real estate and rental and leasing",22175,
"Montgomery County, Maryland",2010,"Finance and insurance, and real estate and rental and leasing",32943,
"District of Columbia, District of Columbia",2010,"Finance and insurance, and real estate and rental and leasing",15640,
"Calvert County, Maryland",2010,"Finance and insurance, and real estate and rental and leasing",1920,
"Marin County, California",2010,"Finance and insurance, and real estate and rental and leasing",12374,
"San Francisco County, California",2010,"Finance and insurance, and real estate and rental and leasing",38414,
"San Mateo County, California",2010,"Finance and insurance, and real estate and rental and leasing",29568,
"Alameda County, California",2010,"Finance and insurance, and real estate and rental and leasing",40478,
"Contra Costa County, California",2010,"Finance and insurance, and real estate and rental and leasing",44089,
"Santa Clara County, California",2010,"Finance and insurance, and real estate and rental and leasing",41459,
"Anne Arundel County, Maryland",2010,"Professional, scientific, and management, and administrative and waste management services",38785,
"Howard County, Maryland",2010,"Professional, scientific, and management, and administrative and waste management services",32194,
"Prince George's County, Maryland",2010,"Professional, scientific, and management, and administrative and waste management services",68340,
"Montgomery County, Maryland",2010,"Professional, scientific, and management, and administrative and waste management services",111816,
"District of Columbia, District of Columbia",2010,"Professional, scientific, and management, and administrative and waste management services",66452,
"Calvert County, Maryland",2010,"Professional, scientific, and management, and administrative and waste management services",4432,
"Marin County, California",2010,"Professional, scientific, and management, and administrative and waste management services",22050,
"San Francisco County, California",2010,"Professional, scientific, and management, and administrative and waste management services",89930,
"San Mateo County, California",2010,"Professional, scientific, and management, and administrative and waste management services",59578,
"Alameda County, California",2010,"Professional, scientific, and management, and administrative and waste management services",113728,
"Contra Costa County, California",2010,"Professional, scientific, and management, and administrative and waste management services",66688,
"Santa Clara County, California",2010,"Professional, scientific, and management, and administrative and waste management services",153969,
"Anne Arundel County, Maryland",2010,"Educational services, and health care and social assistance",52913,
"Howard County, Maryland",2010,"Educational services, and health care and social assistance",33287,
"Prince George's County, Maryland",2010,"Educational services, and health care and social assistance",98554,
"Montgomery County, Maryland",2010,"Educational services, and health care and social assistance",114768,
"District of Columbia, District of Columbia",2010,"Educational services, and health care and social assistance",55973,
"Calvert County, Maryland",2010,"Educational services, and health care and social assistance",10511,
"Marin County, California",2010,"Educational services, and health care and social assistance",27193,
"San Francisco County, California",2010,"Educational services, and health care and social assistance",88869,
"San Mateo County, California",2010,"Educational services, and health care and social assistance",79507,
"Alameda County, California",2010,"Educational services, and health care and social assistance",157244,
"Contra Costa County, California",2010,"Educational services, and health care and social assistance",106913,
"Santa Clara County, California",2010,"Educational services, and health care and social assistance",160641,
"Anne Arundel County, Maryland",2010,"Arts, entertainment, and recreation, and accommodation and food services",19627,
"Howard County, Maryland",2010,"Arts, entertainment, and recreation, and accommodation and food services",10716,
"Prince George's County, Maryland",2010,"Arts, entertainment, and recreation, and accommodation and food services",38259,
"Montgomery County, Maryland",2010,"Arts, entertainment, and recreation, and accommodation and food services",45371,
"District of Columbia, District of Columbia",2010,"Arts, entertainment, and recreation, and accommodation and food services",26169,
"Calvert County, Maryland",2010,"Arts, entertainment, and recreation, and accommodation and food services",3875,
"Marin County, California",2010,"Arts, entertainment, and recreation, and accommodation and food services",11701,
"San Francisco County, California",2010,"Arts, entertainment, and recreation, and accommodation and food services",54107,
"San Mateo County, California",2010,"Arts, entertainment, and recreation, and accommodation and food services",33464,
"Alameda County, California",2010,"Arts, entertainment, and recreation, and accommodation and food services",56708,
"Contra Costa County, California",2010,"Arts, entertainment, and recreation, and accommodation and food services",38828,
"Santa Clara County, California",2010,"Arts, entertainment, and recreation, and accommodation and food services",57324,
"Anne Arundel County, Maryland",2010,"Other services, except public administration",14008,
"Howard County, Maryland",2010,"Other services, except public administration",5860,
"Prince George's County, Maryland",2010,"Other services, except public administration",28016,
"Montgomery County, Maryland",2010,"Other services, except public administration",36984,
"District of Columbia, District of Columbia",2010,"Other services, except public administration",26834,
"Calvert County, Maryland",2010,"Other services, except public administration",2508,
"Marin County, California",2010,"Other services, except public administration",6654,
"San Francisco County, California",2010,"Other services, except public administration",25468,
"San Mateo County, California",2010,"Other services, except public administration",20337,
"Alameda County, California",2010,"Other services, except public administration",35947,
"Contra Costa County, California",2010,"Other services, except public administration",26126,
"Santa Clara County, California",2010,"Other services, except public administration",37362,
"Anne Arundel County, Maryland",2010,Public administration,36842,1135391
"Howard County, Maryland",2010,Public administration,20418,
"Prince George's County, Maryland",2010,Public administration,68711,
"Montgomery County, Maryland",2010,Public administration,59856,
"District of Columbia, District of Columbia",2010,Public administration,54359,
"Calvert County, Maryland",2010,Public administration,7409,
"Marin County, California",2010,Public administration,4046,
"San Francisco County, California",2010,Public administration,18323,
"San Mateo County, California",2010,Public administration,14391,
"Alameda County, California",2010,Public administration,28049,
"Contra Costa County, California",2010,Public administration,19915,
"Santa Clara County, California",2010,Public administration,21300,
"Anne Arundel County, Maryland",2011,"Agriculture, forestry, fishing and hunting, and mining",189,
"Howard County, Maryland",2011,"Agriculture, forestry, fishing and hunting, and mining",624,
"Prince George's County, Maryland",2011,"Agriculture, forestry, fishing and hunting, and mining",1051,
"Montgomery County, Maryland",2011,"Agriculture, forestry, fishing and hunting, and mining",835,
"District of Columbia, District of Columbia",2011,"Agriculture, forestry, fishing and hunting, and mining",108,
"Calvert County, Maryland",2011,"Agriculture, forestry, fishing and hunting, and mining",16,
"Marin County, California",2011,"Agriculture, forestry, fishing and hunting, and mining",1206,
"San Francisco County, California",2011,"Agriculture, forestry, fishing and hunting, and mining",660,
"San Mateo County, California",2011,"Agriculture, forestry, fishing and hunting, and mining",3209,
"Alameda County, California",2011,"Agriculture, forestry, fishing and hunting, and mining",2772,
"Contra Costa County, California",2011,"Agriculture, forestry, fishing and hunting, and mining",3172,
"Santa Clara County, California",2011,"Agriculture, forestry, fishing and hunting, and mining",4348,
"Anne Arundel County, Maryland",2011,Construction,21763,
"Howard County, Maryland",2011,Construction,8726,
"Prince George's County, Maryland",2011,Construction,30814,
"Montgomery County, Maryland",2011,Construction,32110,
"District of Columbia, District of Columbia",2011,Construction,10818,
"Calvert County, Maryland",2011,Construction,5218,
"Marin County, California",2011,Construction,6668,
"San Francisco County, California",2011,Construction,16200,
"San Mateo County, California",2011,Construction,20638,
"Alameda County, California",2011,Construction,35871,
"Contra Costa County, California",2011,Construction,34169,
"Santa Clara County, California",2011,Construction,45681,
"Anne Arundel County, Maryland",2011,Manufacturing,14344,
"Howard County, Maryland",2011,Manufacturing,9762,
"Prince George's County, Maryland",2011,Manufacturing,12418,
"Montgomery County, Maryland",2011,Manufacturing,15088,
"District of Columbia, District of Columbia",2011,Manufacturing,3689,
"Calvert County, Maryland",2011,Manufacturing,1637,
"Marin County, California",2011,Manufacturing,5953,
"San Francisco County, California",2011,Manufacturing,26989,
"San Mateo County, California",2011,Manufacturing,28337,
"Alameda County, California",2011,Manufacturing,83672,
"Contra Costa County, California",2011,Manufacturing,29192,
"Santa Clara County, California",2011,Manufacturing,168251,
"Anne Arundel County, Maryland",2011,Wholesale trade,9195,
"Howard County, Maryland",2011,Wholesale trade,3237,
"Prince George's County, Maryland",2011,Wholesale trade,5776,
"Montgomery County, Maryland",2011,Wholesale trade,6892,
"District of Columbia, District of Columbia",2011,Wholesale trade,1736,
"Calvert County, Maryland",2011,Wholesale trade,1100,
"Marin County, California",2011,Wholesale trade,2692,
"San Francisco County, California",2011,Wholesale trade,8446,
"San Mateo County, California",2011,Wholesale trade,8412,
"Alameda County, California",2011,Wholesale trade,18509,
"Contra Costa County, California",2011,Wholesale trade,9847,
"Santa Clara County, California",2011,Wholesale trade,19732,
"Anne Arundel County, Maryland",2011,Retail trade,27756,
"Howard County, Maryland",2011,Retail trade,12431,
"Prince George's County, Maryland",2011,Retail trade,41596,
"Montgomery County, Maryland",2011,Retail trade,37807,
"District of Columbia, District of Columbia",2011,Retail trade,14239,
"Calvert County, Maryland",2011,Retail trade,5589,
"Marin County, California",2011,Retail trade,13948,
"San Francisco County, California",2011,Retail trade,49862,
"San Mateo County, California",2011,Retail trade,34607,
"Alameda County, California",2011,Retail trade,71929,
"Contra Costa County, California",2011,Retail trade,50819,
"Santa Clara County, California",2011,Retail trade,84606,
"Anne Arundel County, Maryland",2011,"Transportation and warehousing, and utilities",10383,
"Howard County, Maryland",2011,"Transportation and warehousing, and utilities",5864,
"Prince George's County, Maryland",2011,"Transportation and warehousing, and utilities",26169,
"Montgomery County, Maryland",2011,"Transportation and warehousing, and utilities",12886,
"District of Columbia, District of Columbia",2011,"Transportation and warehousing, and utilities",11208,
"Calvert County, Maryland",2011,"Transportation and warehousing, and utilities",2347,
"Marin County, California",2011,"Transportation and warehousing, and utilities",2698,
"San Francisco County, California",2011,"Transportation and warehousing, and utilities",16775,
"San Mateo County, California",2011,"Transportation and warehousing, and utilities",17831,
"Alameda County, California",2011,"Transportation and warehousing, and utilities",39524,
"Contra Costa County, California",2011,"Transportation and warehousing, and utilities",22740,
"Santa Clara County, California",2011,"Transportation and warehousing, and utilities",24929,
"Anne Arundel County, Maryland",2011,Information,6418,
"Howard County, Maryland",2011,Information,3674,
"Prince George's County, Maryland",2011,Information,11881,
"Montgomery County, Maryland",2011,Information,15943,
"District of Columbia, District of Columbia",2011,Information,12933,
"Calvert County, Maryland",2011,Information,1232,
"Marin County, California",2011,Information,4943,
"San Francisco County, California",2011,Information,19170,
"San Mateo County, California",2011,Information,9630,
"Alameda County, California",2011,Information,21455,
"Contra Costa County, California",2011,Information,13989,
"Santa Clara County, California",2011,Information,28192,
"Anne Arundel County, Maryland",2011,"Finance and insurance, and real estate and rental and leasing",15995,
"Howard County, Maryland",2011,"Finance and insurance, and real estate and rental and leasing",10601,
"Prince George's County, Maryland",2011,"Finance and insurance, and real estate and rental and leasing",20279,
"Montgomery County, Maryland",2011,"Finance and insurance, and real estate and rental and leasing",38178,
"District of Columbia, District of Columbia",2011,"Finance and insurance, and real estate and rental and leasing",18262,
"Calvert County, Maryland",2011,"Finance and insurance, and real estate and rental and leasing",2125,
"Marin County, California",2011,"Finance and insurance, and real estate and rental and leasing",11513,
"San Francisco County, California",2011,"Finance and insurance, and real estate and rental and leasing",36213,
"San Mateo County, California",2011,"Finance and insurance, and real estate and rental and leasing",28715,
"Alameda County, California",2011,"Finance and insurance, and real estate and rental and leasing",45204,
"Contra Costa County, California",2011,"Finance and insurance, and real estate and rental and leasing",45291,
"Santa Clara County, California",2011,"Finance and insurance, and real estate and rental and leasing",40989,
"Anne Arundel County, Maryland",2011,"Professional, scientific, and management, and administrative and waste management services",43083,
"Howard County, Maryland",2011,"Professional, scientific, and management, and administrative and waste management services",29543,
"Prince George's County, Maryland",2011,"Professional, scientific, and management, and administrative and waste management services",65785,
"Montgomery County, Maryland",2011,"Professional, scientific, and management, and administrative and waste management services",113508,
"District of Columbia, District of Columbia",2011,"Professional, scientific, and management, and administrative and waste management services",64799,
"Calvert County, Maryland",2011,"Professional, scientific, and management, and administrative and waste management services",6142,
"Marin County, California",2011,"Professional, scientific, and management, and administrative and waste management services",21277,
"San Francisco County, California",2011,"Professional, scientific, and management, and administrative and waste management services",94787,
"San Mateo County, California",2011,"Professional, scientific, and management, and administrative and waste management services",67110,
"Alameda County, California",2011,"Professional, scientific, and management, and administrative and waste management services",111334,
"Contra Costa County, California",2011,"Professional, scientific, and management, and administrative and waste management services",79772,
"Santa Clara County, California",2011,"Professional, scientific, and management, and administrative and waste management services",161171,
"Anne Arundel County, Maryland",2011,"Educational services, and health care and social assistance",55704,
"Howard County, Maryland",2011,"Educational services, and health care and social assistance",36976,
"Prince George's County, Maryland",2011,"Educational services, and health care and social assistance",97395,
"Montgomery County, Maryland",2011,"Educational services, and health care and social assistance",110280,
"District of Columbia, District of Columbia",2011,"Educational services, and health care and social assistance",62135,
"Calvert County, Maryland",2011,"Educational services, and health care and social assistance",8450,
"Marin County, California",2011,"Educational services, and health care and social assistance",29345,
"San Francisco County, California",2011,"Educational services, and health care and social assistance",83822,
"San Mateo County, California",2011,"Educational services, and health care and social assistance",80829,
"Alameda County, California",2011,"Educational services, and health care and social assistance",162364,
"Contra Costa County, California",2011,"Educational services, and health care and social assistance",107824,
"Santa Clara County, California",2011,"Educational services, and health care and social assistance",156752,
"Anne Arundel County, Maryland",2011,"Arts, entertainment, and recreation, and accommodation and food services",22404,
"Howard County, Maryland",2011,"Arts, entertainment, and recreation, and accommodation and food services",9309,
"Prince George's County, Maryland",2011,"Arts, entertainment, and recreation, and accommodation and food services",39719,
"Montgomery County, Maryland",2011,"Arts, entertainment, and recreation, and accommodation and food services",41021,
"District of Columbia, District of Columbia",2011,"Arts, entertainment, and recreation, and accommodation and food services",26050,
"Calvert County, Maryland",2011,"Arts, entertainment, and recreation, and accommodation and food services",3243,
"Marin County, California",2011,"Arts, entertainment, and recreation, and accommodation and food services",11032,
"San Francisco County, California",2011,"Arts, entertainment, and recreation, and accommodation and food services",58235,
"San Mateo County, California",2011,"Arts, entertainment, and recreation, and accommodation and food services",34173,
"Alameda County, California",2011,"Arts, entertainment, and recreation, and accommodation and food services",68460,
"Contra Costa County, California",2011,"Arts, entertainment, and recreation, and accommodation and food services",37385,
"Santa Clara County, California",2011,"Arts, entertainment, and recreation, and accommodation and food services",66300,
"Anne Arundel County, Maryland",2011,"Other services, except public administration",14919,
"Howard County, Maryland",2011,"Other services, except public administration",7086,
"Prince George's County, Maryland",2011,"Other services, except public administration",29921,
"Montgomery County, Maryland",2011,"Other services, except public administration",36703,
"District of Columbia, District of Columbia",2011,"Other services, except public administration",28427,
"Calvert County, Maryland",2011,"Other services, except public administration",2477,
"Marin County, California",2011,"Other services, except public administration",7445,
"San Francisco County, California",2011,"Other services, except public administration",25360,
"San Mateo County, California",2011,"Other services, except public administration",17649,
"Alameda County, California",2011,"Other services, except public administration",37458,
"Contra Costa County, California",2011,"Other services, except public administration",23834,
"Santa Clara County, California",2011,"Other services, except public administration",37164,
"Anne Arundel County, Maryland",2011,Public administration,37395,
"Howard County, Maryland",2011,Public administration,19252,
"Prince George's County, Maryland",2011,Public administration,70043,
"Montgomery County, Maryland",2011,Public administration,62461,
"District of Columbia, District of Columbia",2011,Public administration,56203,
"Calvert County, Maryland",2011,Public administration,6486,
"Marin County, California",2011,Public administration,4217,
"San Francisco County, California",2011,Public administration,14167,
"San Mateo County, California",2011,Public administration,13607,
"Alameda County, California",2011,Public administration,25306,
"Contra Costa County, California",2011,Public administration,23694,
"Santa Clara County, California",2011,Public administration,20848,
"Anne Arundel County, Maryland",2012,"Agriculture, forestry, fishing and hunting, and mining",1195,
"Howard County, Maryland",2012,"Agriculture, forestry, fishing and hunting, and mining",197,
"Prince George's County, Maryland",2012,"Agriculture, forestry, fishing and hunting, and mining",885,
"Montgomery County, Maryland",2012,"Agriculture, forestry, fishing and hunting, and mining",967,
"District of Columbia, District of Columbia",2012,"Agriculture, forestry, fishing and hunting, and mining",208,
"Calvert County, Maryland",2012,"Agriculture, forestry, fishing and hunting, and mining",419,
"Marin County, California",2012,"Agriculture, forestry, fishing and hunting, and mining",980,
"San Francisco County, California",2012,"Agriculture, forestry, fishing and hunting, and mining",632,
"San Mateo County, California",2012,"Agriculture, forestry, fishing and hunting, and mining",1767,
"Alameda County, California",2012,"Agriculture, forestry, fishing and hunting, and mining",2646,
"Contra Costa County, California",2012,"Agriculture, forestry, fishing and hunting, and mining",4861,
"Santa Clara County, California",2012,"Agriculture, forestry, fishing and hunting, and mining",3622,
"Anne Arundel County, Maryland",2012,Construction,19165,
"Howard County, Maryland",2012,Construction,7665,
"Prince George's County, Maryland",2012,Construction,35069,
"Montgomery County, Maryland",2012,Construction,30055,
"District of Columbia, District of Columbia",2012,Construction,10668,
"Calvert County, Maryland",2012,Construction,4723,
"Marin County, California",2012,Construction,5777,
"San Francisco County, California",2012,Construction,14763,
"San Mateo County, California",2012,Construction,21287,
"Alameda County, California",2012,Construction,36176,
"Contra Costa County, California",2012,Construction,33499,
"Santa Clara County, California",2012,Construction,43318,
"Anne Arundel County, Maryland",2012,Manufacturing,16360,
"Howard County, Maryland",2012,Manufacturing,8188,
"Prince George's County, Maryland",2012,Manufacturing,10896,
"Montgomery County, Maryland",2012,Manufacturing,17073,
"District of Columbia, District of Columbia",2012,Manufacturing,4116,
"Calvert County, Maryland",2012,Manufacturing,1688,
"Marin County, California",2012,Manufacturing,5673,
"San Francisco County, California",2012,Manufacturing,24733,
"San Mateo County, California",2012,Manufacturing,27785,
"Alameda County, California",2012,Manufacturing,80987,
"Contra Costa County, California",2012,Manufacturing,35030,
"Santa Clara County, California",2012,Manufacturing,170598,
"Anne Arundel County, Maryland",2012,Wholesale trade,7412,
"Howard County, Maryland",2012,Wholesale trade,4645,
"Prince George's County, Maryland",2012,Wholesale trade,6017,
"Montgomery County, Maryland",2012,Wholesale trade,5383,
"District of Columbia, District of Columbia",2012,Wholesale trade,1641,
"Calvert County, Maryland",2012,Wholesale trade,715,
"Marin County, California",2012,Wholesale trade,2406,
"San Francisco County, California",2012,Wholesale trade,6811,
"San Mateo County, California",2012,Wholesale trade,8788,
"Alameda County, California",2012,Wholesale trade,21664,
"Contra Costa County, California",2012,Wholesale trade,13385,
"Santa Clara County, California",2012,Wholesale trade,19113,
"Anne Arundel County, Maryland",2012,Retail trade,31016,
"Howard County, Maryland",2012,Retail trade,15255,
"Prince George's County, Maryland",2012,Retail trade,41805,
"Montgomery County, Maryland",2012,Retail trade,39761,
"District of Columbia, District of Columbia",2012,Retail trade,15412,
"Calvert County, Maryland",2012,Retail trade,4263,
"Marin County, California",2012,Retail trade,14282,
"San Francisco County, California",2012,Retail trade,45543,
"San Mateo County, California",2012,Retail trade,36990,
"Alameda County, California",2012,Retail trade,74141,
"Contra Costa County, California",2012,Retail trade,51752,
"Santa Clara County, California",2012,Retail trade,87361,
"Anne Arundel County, Maryland",2012,"Transportation and warehousing, and utilities",12908,
"Howard County, Maryland",2012,"Transportation and warehousing, and utilities",5738,
"Prince George's County, Maryland",2012,"Transportation and warehousing, and utilities",24989,
"Montgomery County, Maryland",2012,"Transportation and warehousing, and utilities",13390,
"District of Columbia, District of Columbia",2012,"Transportation and warehousing, and utilities",10682,
"Calvert County, Maryland",2012,"Transportation and warehousing, and utilities",2790,
"Marin County, California",2012,"Transportation and warehousing, and utilities",2764,
"San Francisco County, California",2012,"Transportation and warehousing, and utilities",15866,
"San Mateo County, California",2012,"Transportation and warehousing, and utilities",19160,
"Alameda County, California",2012,"Transportation and warehousing, and utilities",32068,
"Contra Costa County, California",2012,"Transportation and warehousing, and utilities",23631,
"Santa Clara County, California",2012,"Transportation and warehousing, and utilities",24630,
"Anne Arundel County, Maryland",2012,Information,6609,
"Howard County, Maryland",2012,Information,3978,
"Prince George's County, Maryland",2012,Information,10641,
"Montgomery County, Maryland",2012,Information,17633,
"District of Columbia, District of Columbia",2012,Information,14367,
"Calvert County, Maryland",2012,Information,857,
"Marin County, California",2012,Information,3473,
"San Francisco County, California",2012,Information,24667,
"San Mateo County, California",2012,Information,12991,
"Alameda County, California",2012,Information,22626,
"Contra Costa County, California",2012,Information,12483,
"Santa Clara County, California",2012,Information,32998,
"Anne Arundel County, Maryland",2012,"Finance and insurance, and real estate and rental and leasing",16913,
"Howard County, Maryland",2012,"Finance and insurance, and real estate and rental and leasing",13039,
"Prince George's County, Maryland",2012,"Finance and insurance, and real estate and rental and leasing",22864,
"Montgomery County, Maryland",2012,"Finance and insurance, and real estate and rental and leasing",34604,
"District of Columbia, District of Columbia",2012,"Finance and insurance, and real estate and rental and leasing",16628,
"Calvert County, Maryland",2012,"Finance and insurance, and real estate and rental and leasing",2146,
"Marin County, California",2012,"Finance and insurance, and real estate and rental and leasing",12704,
"San Francisco County, California",2012,"Finance and insurance, and real estate and rental and leasing",42937,
"San Mateo County, California",2012,"Finance and insurance, and real estate and rental and leasing",26929,
"Alameda County, California",2012,"Finance and insurance, and real estate and rental and leasing",45107,
"Contra Costa County, California",2012,"Finance and insurance, and real estate and rental and leasing",48317,
"Santa Clara County, California",2012,"Finance and insurance, and real estate and rental and leasing",41301,
"Anne Arundel County, Maryland",2012,"Professional, scientific, and management, and administrative and waste management services",43174,
"Howard County, Maryland",2012,"Professional, scientific, and management, and administrative and waste management services",31028,
"Prince George's County, Maryland",2012,"Professional, scientific, and management, and administrative and waste management services",75944,
"Montgomery County, Maryland",2012,"Professional, scientific, and management, and administrative and waste management services",115538,
"District of Columbia, District of Columbia",2012,"Professional, scientific, and management, and administrative and waste management services",70682,
"Calvert County, Maryland",2012,"Professional, scientific, and management, and administrative and waste management services",5495,
"Marin County, California",2012,"Professional, scientific, and management, and administrative and waste management services",26469,
"San Francisco County, California",2012,"Professional, scientific, and management, and administrative and waste management services",98623,
"San Mateo County, California",2012,"Professional, scientific, and management, and administrative and waste management services",66453,
"Alameda County, California",2012,"Professional, scientific, and management, and administrative and waste management services",126063,
"Contra Costa County, California",2012,"Professional, scientific, and management, and administrative and waste management services",77831,
"Santa Clara County, California",2012,"Professional, scientific, and management, and administrative and waste management services",165737,
"Anne Arundel County, Maryland",2012,"Educational services, and health care and social assistance",56004,
"Howard County, Maryland",2012,"Educational services, and health care and social assistance",38310,
"Prince George's County, Maryland",2012,"Educational services, and health care and social assistance",102001,
"Montgomery County, Maryland",2012,"Educational services, and health care and social assistance",114481,
"District of Columbia, District of Columbia",2012,"Educational services, and health care and social assistance",66389,
"Calvert County, Maryland",2012,"Educational services, and health care and social assistance",8400,
"Marin County, California",2012,"Educational services, and health care and social assistance",26428,
"San Francisco County, California",2012,"Educational services, and health care and social assistance",85534,
"San Mateo County, California",2012,"Educational services, and health care and social assistance",83940,
"Alameda County, California",2012,"Educational services, and health care and social assistance",170045,
"Contra Costa County, California",2012,"Educational services, and health care and social assistance",112481,
"Santa Clara County, California",2012,"Educational services, and health care and social assistance",164373,
"Anne Arundel County, Maryland",2012,"Arts, entertainment, and recreation, and accommodation and food services",20421,
"Howard County, Maryland",2012,"Arts, entertainment, and recreation, and accommodation and food services",8164,
"Prince George's County, Maryland",2012,"Arts, entertainment, and recreation, and accommodation and food services",37124,
"Montgomery County, Maryland",2012,"Arts, entertainment, and recreation, and accommodation and food services",44970,
"District of Columbia, District of Columbia",2012,"Arts, entertainment, and recreation, and accommodation and food services",32087,
"Calvert County, Maryland",2012,"Arts, entertainment, and recreation, and accommodation and food services",4463,
"Marin County, California",2012,"Arts, entertainment, and recreation, and accommodation and food services",13843,
"San Francisco County, California",2012,"Arts, entertainment, and recreation, and accommodation and food services",58740,
"San Mateo County, California",2012,"Arts, entertainment, and recreation, and accommodation and food services",37845,
"Alameda County, California",2012,"Arts, entertainment, and recreation, and accommodation and food services",71294,
"Contra Costa County, California",2012,"Arts, entertainment, and recreation, and accommodation and food services",40828,
"Santa Clara County, California",2012,"Arts, entertainment, and recreation, and accommodation and food services",69657,
"Anne Arundel County, Maryland",2012,"Other services, except public administration",13016,
"Howard County, Maryland",2012,"Other services, except public administration",6497,
"Prince George's County, Maryland",2012,"Other services, except public administration",25732,
"Montgomery County, Maryland",2012,"Other services, except public administration",37928,
"District of Columbia, District of Columbia",2012,"Other services, except public administration",30264,
"Calvert County, Maryland",2012,"Other services, except public administration",1433,
"Marin County, California",2012,"Other services, except public administration",9212,
"San Francisco County, California",2012,"Other services, except public administration",23160,
"San Mateo County, California",2012,"Other services, except public administration",22543,
"Alameda County, California",2012,"Other services, except public administration",38390,
"Contra Costa County, California",2012,"Other services, except public administration",23930,
"Santa Clara County, California",2012,"Other services, except public administration",40636,
"Anne Arundel County, Maryland",2012,Public administration,36833,
"Howard County, Maryland",2012,Public administration,19810,
"Prince George's County, Maryland",2012,Public administration,64372,
"Montgomery County, Maryland",2012,Public administration,59103,
"District of Columbia, District of Columbia",2012,Public administration,53813,
"Calvert County, Maryland",2012,Public administration,6963,
"Marin County, California",2012,Public administration,4026,
"San Francisco County, California",2012,Public administration,15276,
"San Mateo County, California",2012,Public administration,12719,
"Alameda County, California",2012,Public administration,25963,
"Contra Costa County, California",2012,Public administration,20468,
"Santa Clara County, California",2012,Public administration,20378,
"Anne Arundel County, Maryland",2013,"Agriculture, forestry, fishing and hunting, and mining",1332,
"Howard County, Maryland",2013,"Agriculture, forestry, fishing and hunting, and mining",464,
"Prince George's County, Maryland",2013,"Agriculture, forestry, fishing and hunting, and mining",962,
"Montgomery County, Maryland",2013,"Agriculture, forestry, fishing and hunting, and mining",654,
"District of Columbia, District of Columbia",2013,"Agriculture, forestry, fishing and hunting, and mining",277,
"Calvert County, Maryland",2013,"Agriculture, forestry, fishing and hunting, and mining",429,
"Marin County, California",2013,"Agriculture, forestry, fishing and hunting, and mining",791,
"San Francisco County, California",2013,"Agriculture, forestry, fishing and hunting, and mining",803,
"San Mateo County, California",2013,"Agriculture, forestry, fishing and hunting, and mining",1485,
"Alameda County, California",2013,"Agriculture, forestry, fishing and hunting, and mining",3044,
"Contra Costa County, California",2013,"Agriculture, forestry, fishing and hunting, and mining",3323,
"Santa Clara County, California",2013,"Agriculture, forestry, fishing and hunting, and mining",8806,
"Anne Arundel County, Maryland",2013,Construction,20760,
"Howard County, Maryland",2013,Construction,7375,
"Prince George's County, Maryland",2013,Construction,37349,
"Montgomery County, Maryland",2013,Construction,30151,
"District of Columbia, District of Columbia",2013,Construction,8293,
"Calvert County, Maryland",2013,Construction,4548,
"Marin County, California",2013,Construction,6656,
"San Francisco County, California",2013,Construction,19827,
"San Mateo County, California",2013,Construction,18885,
"Alameda County, California",2013,Construction,43935,
"Contra Costa County, California",2013,Construction,35323,
"Santa Clara County, California",2013,Construction,47378,
"Anne Arundel County, Maryland",2013,Manufacturing,14321,
"Howard County, Maryland",2013,Manufacturing,9290,
"Prince George's County, Maryland",2013,Manufacturing,8714,
"Montgomery County, Maryland",2013,Manufacturing,16442,
"District of Columbia, District of Columbia",2013,Manufacturing,4492,
"Calvert County, Maryland",2013,Manufacturing,2482,
"Marin County, California",2013,Manufacturing,5989,
"San Francisco County, California",2013,Manufacturing,26938,
"San Mateo County, California",2013,Manufacturing,30574,
"Alameda County, California",2013,Manufacturing,78470,
"Contra Costa County, California",2013,Manufacturing,36269,
"Santa Clara County, California",2013,Manufacturing,165869,
"Anne Arundel County, Maryland",2013,Wholesale trade,5665,
"Howard County, Maryland",2013,Wholesale trade,3729,
"Prince George's County, Maryland",2013,Wholesale trade,6258,
"Montgomery County, Maryland",2013,Wholesale trade,8566,
"District of Columbia, District of Columbia",2013,Wholesale trade,1848,
"Calvert County, Maryland",2013,Wholesale trade,1206,
"Marin County, California",2013,Wholesale trade,3354,
"San Francisco County, California",2013,Wholesale trade,10361,
"San Mateo County, California",2013,Wholesale trade,9386,
"Alameda County, California",2013,Wholesale trade,20850,
"Contra Costa County, California",2013,Wholesale trade,11852,
"Santa Clara County, California",2013,Wholesale trade,19045,
"Anne Arundel County, Maryland",2013,Retail trade,28304,
"Howard County, Maryland",2013,Retail trade,11401,
"Prince George's County, Maryland",2013,Retail trade,39549,
"Montgomery County, Maryland",2013,Retail trade,41329,
"District of Columbia, District of Columbia",2013,Retail trade,18078,
"Calvert County, Maryland",2013,Retail trade,5313,
"Marin County, California",2013,Retail trade,11435,
"San Francisco County, California",2013,Retail trade,48176,
"San Mateo County, California",2013,Retail trade,46125,
"Alameda County, California",2013,Retail trade,80081,
"Contra Costa County, California",2013,Retail trade,54973,
"Santa Clara County, California",2013,Retail trade,89042,
"Anne Arundel County, Maryland",2013,"Transportation and warehousing, and utilities",9159,
"Howard County, Maryland",2013,"Transportation and warehousing, and utilities",4328,
"Prince George's County, Maryland",2013,"Transportation and warehousing, and utilities",23960,
"Montgomery County, Maryland",2013,"Transportation and warehousing, and utilities",14205,
"District of Columbia, District of Columbia",2013,"Transportation and warehousing, and utilities",7924,
"Calvert County, Maryland",2013,"Transportation and warehousing, and utilities",2264,
"Marin County, California",2013,"Transportation and warehousing, and utilities",3076,
"San Francisco County, California",2013,"Transportation and warehousing, and utilities",17285,
"San Mateo County, California",2013,"Transportation and warehousing, and utilities",22472,
"Alameda County, California",2013,"Transportation and warehousing, and utilities",37923,
"Contra Costa County, California",2013,"Transportation and warehousing, and utilities",24041,
"Santa Clara County, California",2013,"Transportation and warehousing, and utilities",23805,
"Anne Arundel County, Maryland",2013,Information,5955,
"Howard County, Maryland",2013,Information,4315,
"Prince George's County, Maryland",2013,Information,10432,
"Montgomery County, Maryland",2013,Information,14297,
"District of Columbia, District of Columbia",2013,Information,10770,
"Calvert County, Maryland",2013,Information,578,
"Marin County, California",2013,Information,6131,
"San Francisco County, California",2013,Information,25619,
"San Mateo County, California",2013,Information,12713,
"Alameda County, California",2013,Information,22424,
"Contra Costa County, California",2013,Information,13852,
"Santa Clara County, California",2013,Information,42068,
"Anne Arundel County, Maryland",2013,"Finance and insurance, and real estate and rental and leasing",20142,
"Howard County, Maryland",2013,"Finance and insurance, and real estate and rental and leasing",12616,
"Prince George's County, Maryland",2013,"Finance and insurance, and real estate and rental and leasing",25247,
"Montgomery County, Maryland",2013,"Finance and insurance, and real estate and rental and leasing",38887,
"District of Columbia, District of Columbia",2013,"Finance and insurance, and real estate and rental and leasing",16480,
"Calvert County, Maryland",2013,"Finance and insurance, and real estate and rental and leasing",3167,
"Marin County, California",2013,"Finance and insurance, and real estate and rental and leasing",13720,
"San Francisco County, California",2013,"Finance and insurance, and real estate and rental and leasing",39408,
"San Mateo County, California",2013,"Finance and insurance, and real estate and rental and leasing",28174,
"Alameda County, California",2013,"Finance and insurance, and real estate and rental and leasing",47494,
"Contra Costa County, California",2013,"Finance and insurance, and real estate and rental and leasing",47161,
"Santa Clara County, California",2013,"Finance and insurance, and real estate and rental and leasing",43656,
"Anne Arundel County, Maryland",2013,"Professional, scientific, and management, and administrative and waste management services",45872,
"Howard County, Maryland",2013,"Professional, scientific, and management, and administrative and waste management services",29346,
"Prince George's County, Maryland",2013,"Professional, scientific, and management, and administrative and waste management services",69126,
"Montgomery County, Maryland",2013,"Professional, scientific, and management, and administrative and waste management services",113958,
"District of Columbia, District of Columbia",2013,"Professional, scientific, and management, and administrative and waste management services",79915,
"Calvert County, Maryland",2013,"Professional, scientific, and management, and administrative and waste management services",6390,
"Marin County, California",2013,"Professional, scientific, and management, and administrative and waste management services",23719,
"San Francisco County, California",2013,"Professional, scientific, and management, and administrative and waste management services",106348,
"San Mateo County, California",2013,"Professional, scientific, and management, and administrative and waste management services",64462,
"Alameda County, California",2013,"Professional, scientific, and management, and administrative and waste management services",131794,
"Contra Costa County, California",2013,"Professional, scientific, and management, and administrative and waste management services",77082,
"Santa Clara County, California",2013,"Professional, scientific, and management, and administrative and waste management services",172416,
"Anne Arundel County, Maryland",2013,"Educational services, and health care and social assistance",59214,
"Howard County, Maryland",2013,"Educational services, and health care and social assistance",38893,
"Prince George's County, Maryland",2013,"Educational services, and health care and social assistance",103724,
"Montgomery County, Maryland",2013,"Educational services, and health care and social assistance",118051,
"District of Columbia, District of Columbia",2013,"Educational services, and health care and social assistance",67816,
"Calvert County, Maryland",2013,"Educational services, and health care and social assistance",7253,
"Marin County, California",2013,"Educational services, and health care and social assistance",29226,
"San Francisco County, California",2013,"Educational services, and health care and social assistance",89988,
"San Mateo County, California",2013,"Educational services, and health care and social assistance",78901,
"Alameda County, California",2013,"Educational services, and health care and social assistance",172876,
"Contra Costa County, California",2013,"Educational services, and health care and social assistance",110556,
"Santa Clara County, California",2013,"Educational services, and health care and social assistance",168289,
"Anne Arundel County, Maryland",2013,"Arts, entertainment, and recreation, and accommodation and food services",20915,
"Howard County, Maryland",2013,"Arts, entertainment, and recreation, and accommodation and food services",12108,
"Prince George's County, Maryland",2013,"Arts, entertainment, and recreation, and accommodation and food services",37034,
"Montgomery County, Maryland",2013,"Arts, entertainment, and recreation, and accommodation and food services",47874,
"District of Columbia, District of Columbia",2013,"Arts, entertainment, and recreation, and accommodation and food services",30479,
"Calvert County, Maryland",2013,"Arts, entertainment, and recreation, and accommodation and food services",3031,
"Marin County, California",2013,"Arts, entertainment, and recreation, and accommodation and food services",9811,
"San Francisco County, California",2013,"Arts, entertainment, and recreation, and accommodation and food services",53300,
"San Mateo County, California",2013,"Arts, entertainment, and recreation, and accommodation and food services",38728,
"Alameda County, California",2013,"Arts, entertainment, and recreation, and accommodation and food services",64363,
"Contra Costa County, California",2013,"Arts, entertainment, and recreation, and accommodation and food services",48665,
"Santa Clara County, California",2013,"Arts, entertainment, and recreation, and accommodation and food services",70840,
"Anne Arundel County, Maryland",2013,"Other services, except public administration",11664,
"Howard County, Maryland",2013,"Other services, except public administration",9170,
"Prince George's County, Maryland",2013,"Other services, except public administration",26227,
"Montgomery County, Maryland",2013,"Other services, except public administration",41475,
"District of Columbia, District of Columbia",2013,"Other services, except public administration",29866,
"Calvert County, Maryland",2013,"Other services, except public administration",2409,
"Marin County, California",2013,"Other services, except public administration",8635,
"San Francisco County, California",2013,"Other services, except public administration",23349,
"San Mateo County, California",2013,"Other services, except public administration",22582,
"Alameda County, California",2013,"Other services, except public administration",36613,
"Contra Costa County, California",2013,"Other services, except public administration",26970,
"Santa Clara County, California",2013,"Other services, except public administration",38237,
"Anne Arundel County, Maryland",2013,Public administration,38020,
"Howard County, Maryland",2013,Public administration,19125,
"Prince George's County, Maryland",2013,Public administration,70227,
"Montgomery County, Maryland",2013,Public administration,60061,
"District of Columbia, District of Columbia",2013,Public administration,56873,
"Calvert County, Maryland",2013,Public administration,6963,
"Marin County, California",2013,Public administration,4948,
"San Francisco County, California",2013,Public administration,17935,
"San Mateo County, California",2013,Public administration,13800,
"Alameda County, California",2013,Public administration,26784,
"Contra Costa County, California",2013,Public administration,20319,
"Santa Clara County, California",2013,Public administration,20694,
"Anne Arundel County, Maryland",2014,"Agriculture, forestry, fishing and hunting, and mining",1237,
"Howard County, Maryland",2014,"Agriculture, forestry, fishing and hunting, and mining",897,
"Prince George's County, Maryland",2014,"Agriculture, forestry, fishing and hunting, and mining",572,
"Montgomery County, Maryland",2014,"Agriculture, forestry, fishing and hunting, and mining",1647,
"District of Columbia, District of Columbia",2014,"Agriculture, forestry, fishing and hunting, and mining",210,
"Calvert County, Maryland",2014,"Agriculture, forestry, fishing and hunting, and mining",78,
"Marin County, California",2014,"Agriculture, forestry, fishing and hunting, and mining",518,
"San Francisco County, California",2014,"Agriculture, forestry, fishing and hunting, and mining",1254,
"San Mateo County, California",2014,"Agriculture, forestry, fishing and hunting, and mining",2459,
"Alameda County, California",2014,"Agriculture, forestry, fishing and hunting, and mining",4525,
"Contra Costa County, California",2014,"Agriculture, forestry, fishing and hunting, and mining",3704,
"Santa Clara County, California",2014,"Agriculture, forestry, fishing and hunting, and mining",5233,
"Anne Arundel County, Maryland",2014,Construction,20934,
"Howard County, Maryland",2014,Construction,6361,
"Prince George's County, Maryland",2014,Construction,43026,
"Montgomery County, Maryland",2014,Construction,31324,
"District of Columbia, District of Columbia",2014,Construction,9624,
"Calvert County, Maryland",2014,Construction,3999,
"Marin County, California",2014,Construction,8790,
"San Francisco County, California",2014,Construction,14867,
"San Mateo County, California",2014,Construction,20834,
"Alameda County, California",2014,Construction,39763,
"Contra Costa County, California",2014,Construction,34437,
"Santa Clara County, California",2014,Construction,50698,
"Anne Arundel County, Maryland",2014,Manufacturing,13390,
"Howard County, Maryland",2014,Manufacturing,7398,
"Prince George's County, Maryland",2014,Manufacturing,11508,
"Montgomery County, Maryland",2014,Manufacturing,15838,
"District of Columbia, District of Columbia",2014,Manufacturing,3775,
"Calvert County, Maryland",2014,Manufacturing,1255,
"Marin County, California",2014,Manufacturing,5854,
"San Francisco County, California",2014,Manufacturing,23466,
"San Mateo County, California",2014,Manufacturing,31164,
"Alameda County, California",2014,Manufacturing,78934,
"Contra Costa County, California",2014,Manufacturing,37706,
"Santa Clara County, California",2014,Manufacturing,170571,
"Anne Arundel County, Maryland",2014,Wholesale trade,7725,
"Howard County, Maryland",2014,Wholesale trade,4096,
"Prince George's County, Maryland",2014,Wholesale trade,5991,
"Montgomery County, Maryland",2014,Wholesale trade,5974,
"District of Columbia, District of Columbia",2014,Wholesale trade,1607,
"Calvert County, Maryland",2014,Wholesale trade,1380,
"Marin County, California",2014,Wholesale trade,2862,
"San Francisco County, California",2014,Wholesale trade,8478,
"San Mateo County, California",2014,Wholesale trade,9078,
"Alameda County, California",2014,Wholesale trade,21468,
"Contra Costa County, California",2014,Wholesale trade,13680,
"Santa Clara County, California",2014,Wholesale trade,23590,
"Anne Arundel County, Maryland",2014,Retail trade,32668,
"Howard County, Maryland",2014,Retail trade,15010,
"Prince George's County, Maryland",2014,Retail trade,43340,
"Montgomery County, Maryland",2014,Retail trade,41125,
"District of Columbia, District of Columbia",2014,Retail trade,17048,
"Calvert County, Maryland",2014,Retail trade,6148,
"Marin County, California",2014,Retail trade,13832,
"San Francisco County, California",2014,Retail trade,47445,
"San Mateo County, California",2014,Retail trade,37195,
"Alameda County, California",2014,Retail trade,75990,
"Contra Costa County, California",2014,Retail trade,57352,
"Santa Clara County, California",2014,Retail trade,87549,
"Anne Arundel County, Maryland",2014,"Transportation and warehousing, and utilities",9738,
"Howard County, Maryland",2014,"Transportation and warehousing, and utilities",4985,
"Prince George's County, Maryland",2014,"Transportation and warehousing, and utilities",26874,
"Montgomery County, Maryland",2014,"Transportation and warehousing, and utilities",13655,
"District of Columbia, District of Columbia",2014,"Transportation and warehousing, and utilities",10365,
"Calvert County, Maryland",2014,"Transportation and warehousing, and utilities",2520,
"Marin County, California",2014,"Transportation and warehousing, and utilities",5578,
"San Francisco County, California",2014,"Transportation and warehousing, and utilities",19722,
"San Mateo County, California",2014,"Transportation and warehousing, and utilities",22635,
"Alameda County, California",2014,"Transportation and warehousing, and utilities",38439,
"Contra Costa County, California",2014,"Transportation and warehousing, and utilities",24909,
"Santa Clara County, California",2014,"Transportation and warehousing, and utilities",27594,
"Anne Arundel County, Maryland",2014,Information,5447,
"Howard County, Maryland",2014,Information,5155,
"Prince George's County, Maryland",2014,Information,9658,
"Montgomery County, Maryland",2014,Information,12979,
"District of Columbia, District of Columbia",2014,Information,13566,
"Calvert County, Maryland",2014,Information,1080,
"Marin County, California",2014,Information,4272,
"San Francisco County, California",2014,Information,30990,
"San Mateo County, California",2014,Information,18768,
"Alameda County, California",2014,Information,26613,
"Contra Costa County, California",2014,Information,16065,
"Santa Clara County, California",2014,Information,50013,
"Anne Arundel County, Maryland",2014,"Finance and insurance, and real estate and rental and leasing",16794,
"Howard County, Maryland",2014,"Finance and insurance, and real estate and rental and leasing",10134,
"Prince George's County, Maryland",2014,"Finance and insurance, and real estate and rental and leasing",19985,
"Montgomery County, Maryland",2014,"Finance and insurance, and real estate and rental and leasing",37952,
"District of Columbia, District of Columbia",2014,"Finance and insurance, and real estate and rental and leasing",23225,
"Calvert County, Maryland",2014,"Finance and insurance, and real estate and rental and leasing",2273,
"Marin County, California",2014,"Finance and insurance, and real estate and rental and leasing",12760,
"San Francisco County, California",2014,"Finance and insurance, and real estate and rental and leasing",37117,
"San Mateo County, California",2014,"Finance and insurance, and real estate and rental and leasing",30747,
"Alameda County, California",2014,"Finance and insurance, and real estate and rental and leasing",49106,
"Contra Costa County, California",2014,"Finance and insurance, and real estate and rental and leasing",43986,
"Santa Clara County, California",2014,"Finance and insurance, and real estate and rental and leasing",48107,
"Anne Arundel County, Maryland",2014,"Professional, scientific, and management, and administrative and waste management services",42252,
"Howard County, Maryland",2014,"Professional, scientific, and management, and administrative and waste management services",33630,
"Prince George's County, Maryland",2014,"Professional, scientific, and management, and administrative and waste management services",64744,
"Montgomery County, Maryland",2014,"Professional, scientific, and management, and administrative and waste management services",119357,
"District of Columbia, District of Columbia",2014,"Professional, scientific, and management, and administrative and waste management services",80921,
"Calvert County, Maryland",2014,"Professional, scientific, and management, and administrative and waste management services",6956,
"Marin County, California",2014,"Professional, scientific, and management, and administrative and waste management services",26753,
"San Francisco County, California",2014,"Professional, scientific, and management, and administrative and waste management services",112460,
"San Mateo County, California",2014,"Professional, scientific, and management, and administrative and waste management services",69270,
"Alameda County, California",2014,"Professional, scientific, and management, and administrative and waste management services",139503,
"Contra Costa County, California",2014,"Professional, scientific, and management, and administrative and waste management services",80522,
"Santa Clara County, California",2014,"Professional, scientific, and management, and administrative and waste management services",173772,
"Anne Arundel County, Maryland",2014,"Educational services, and health care and social assistance",55796,
"Howard County, Maryland",2014,"Educational services, and health care and social assistance",40726,
"Prince George's County, Maryland",2014,"Educational services, and health care and social assistance",109669,
"Montgomery County, Maryland",2014,"Educational services, and health care and social assistance",121195,
"District of Columbia, District of Columbia",2014,"Educational services, and health care and social assistance",66325,
"Calvert County, Maryland",2014,"Educational services, and health care and social assistance",6902,
"Marin County, California",2014,"Educational services, and health care and social assistance",29951,
"San Francisco County, California",2014,"Educational services, and health care and social assistance",93032,
"San Mateo County, California",2014,"Educational services, and health care and social assistance",83413,
"Alameda County, California",2014,"Educational services, and health care and social assistance",178747,
"Contra Costa County, California",2014,"Educational services, and health care and social assistance",109890,
"Santa Clara County, California",2014,"Educational services, and health care and social assistance",172359,
"Anne Arundel County, Maryland",2014,"Arts, entertainment, and recreation, and accommodation and food services",23692,
"Howard County, Maryland",2014,"Arts, entertainment, and recreation, and accommodation and food services",11059,
"Prince George's County, Maryland",2014,"Arts, entertainment, and recreation, and accommodation and food services",40272,
"Montgomery County, Maryland",2014,"Arts, entertainment, and recreation, and accommodation and food services",42966,
"District of Columbia, District of Columbia",2014,"Arts, entertainment, and recreation, and accommodation and food services",35971,
"Calvert County, Maryland",2014,"Arts, entertainment, and recreation, and accommodation and food services",3223,
"Marin County, California",2014,"Arts, entertainment, and recreation, and accommodation and food services",12578,
"San Francisco County, California",2014,"Arts, entertainment, and recreation, and accommodation and food services",66772,
"San Mateo County, California",2014,"Arts, entertainment, and recreation, and accommodation and food services",38253,
"Alameda County, California",2014,"Arts, entertainment, and recreation, and accommodation and food services",76076,
"Contra Costa County, California",2014,"Arts, entertainment, and recreation, and accommodation and food services",48990,
"Santa Clara County, California",2014,"Arts, entertainment, and recreation, and accommodation and food services",76558,
"Anne Arundel County, Maryland",2014,"Other services, except public administration",17129,
"Howard County, Maryland",2014,"Other services, except public administration",7695,
"Prince George's County, Maryland",2014,"Other services, except public administration",27246,
"Montgomery County, Maryland",2014,"Other services, except public administration",39474,
"District of Columbia, District of Columbia",2014,"Other services, except public administration",29973,
"Calvert County, Maryland",2014,"Other services, except public administration",2216,
"Marin County, California",2014,"Other services, except public administration",7007,
"San Francisco County, California",2014,"Other services, except public administration",21575,
"San Mateo County, California",2014,"Other services, except public administration",20968,
"Alameda County, California",2014,"Other services, except public administration",44163,
"Contra Costa County, California",2014,"Other services, except public administration",27538,
"Santa Clara County, California",2014,"Other services, except public administration",42289,
"Anne Arundel County, Maryland",2014,Public administration,40888,
"Howard County, Maryland",2014,Public administration,18744,
"Prince George's County, Maryland",2014,Public administration,63585,
"Montgomery County, Maryland",2014,Public administration,59925,
"District of Columbia, District of Columbia",2014,Public administration,52982,
"Calvert County, Maryland",2014,Public administration,5906,
"Marin County, California",2014,Public administration,4173,
"San Francisco County, California",2014,Public administration,15927,
"San Mateo County, California",2014,Public administration,13941,
"Alameda County, California",2014,Public administration,29184,
"Contra Costa County, California",2014,Public administration,20992,
"Santa Clara County, California",2014,Public administration,21624,
"Anne Arundel County, Maryland",2000,"Agriculture, forestry, fishing and hunting, and mining",0,
"Howard County, Maryland",2000,"Agriculture, forestry, fishing and hunting, and mining",0,
"Prince George's County, Maryland",2000,"Agriculture, forestry, fishing and hunting, and mining",0,
"Montgomery County, Maryland",2000,"Agriculture, forestry, fishing and hunting, and mining",0,
"District of Columbia, District of Columbia",2000,"Agriculture, forestry, fishing and hunting, and mining",0,
"Calvert County, Maryland",2000,"Agriculture, forestry, fishing and hunting, and mining",0,
"Marin County, California",2000,"Agriculture, forestry, fishing and hunting, and mining",0,
"San Francisco County, California",2000,"Agriculture, forestry, fishing and hunting, and mining",0,
"San Mateo County, California",2000,"Agriculture, forestry, fishing and hunting, and mining",0,
"Alameda County, California",2000,"Agriculture, forestry, fishing and hunting, and mining",0,
"Contra Costa County, California",2000,"Agriculture, forestry, fishing and hunting, and mining",0,
"Santa Clara County, California",2000,"Agriculture, forestry, fishing and hunting, and mining",0,
"Anne Arundel County, Maryland",2000,Construction,0,
"Howard County, Maryland",2000,Construction,0,
"Prince George's County, Maryland",2000,Construction,0,
"Montgomery County, Maryland",2000,Construction,0,
"District of Columbia, District of Columbia",2000,Construction,0,
"Calvert County, Maryland",2000,Construction,0,
"Marin County, California",2000,Construction,0,
"San Francisco County, California",2000,Construction,0,
"San Mateo County, California",2000,Construction,0,
"Alameda County, California",2000,Construction,0,
"Contra Costa County, California",2000,Construction,0,
"Santa Clara County, California",2000,Construction,0,
"Anne Arundel County, Maryland",2000,Manufacturing,0,
"Howard County, Maryland",2000,Manufacturing,0,
"Prince George's County, Maryland",2000,Manufacturing,0,
"Montgomery County, Maryland",2000,Manufacturing,0,
"District of Columbia, District of Columbia",2000,Manufacturing,0,
"Calvert County, Maryland",2000,Manufacturing,0,
"Marin County, California",2000,Manufacturing,0,
"San Francisco County, California",2000,Manufacturing,0,
"San Mateo County, California",2000,Manufacturing,0,
"Alameda County, California",2000,Manufacturing,0,
"Contra Costa County, California",2000,Manufacturing,0,
"Santa Clara County, California",2000,Manufacturing,0,
"Anne Arundel County, Maryland",2000,Wholesale trade,0,
"Howard County, Maryland",2000,Wholesale trade,0,
"Prince George's County, Maryland",2000,Wholesale trade,0,
"Montgomery County, Maryland",2000,Wholesale trade,0,
"District of Columbia, District of Columbia",2000,Wholesale trade,0,
"Calvert County, Maryland",2000,Wholesale trade,0,
"Marin County, California",2000,Wholesale trade,0,
"San Francisco County, California",2000,Wholesale trade,0,
"San Mateo County, California",2000,Wholesale trade,0,
"Alameda County, California",2000,Wholesale trade,0,
"Contra Costa County, California",2000,Wholesale trade,0,
"Santa Clara County, California",2000,Wholesale trade,0,
"Anne Arundel County, Maryland",2000,Retail trade,0,
"Howard County, Maryland",2000,Retail trade,0,
"Prince George's County, Maryland",2000,Retail trade,0,
"Montgomery County, Maryland",2000,Retail trade,0,
"District of Columbia, District of Columbia",2000,Retail trade,0,
"Calvert County, Maryland",2000,Retail trade,0,
"Marin County, California",2000,Retail trade,0,
"San Francisco County, California",2000,Retail trade,0,
"San Mateo County, California",2000,Retail trade,0,
"Alameda County, California",2000,Retail trade,0,
"Contra Costa County, California",2000,Retail trade,0,
"Santa Clara County, California",2000,Retail trade,0,
"Anne Arundel County, Maryland",2000,"Transportation and warehousing, and utilities",0,
"Howard County, Maryland",2000,"Transportation and warehousing, and utilities",0,
"Prince George's County, Maryland",2000,"Transportation and warehousing, and utilities",0,
"Montgomery County, Maryland",2000,"Transportation and warehousing, and utilities",0,
"District of Columbia, District of Columbia",2000,"Transportation and warehousing, and utilities",0,
"Calvert County, Maryland",2000,"Transportation and warehousing, and utilities",0,
"Marin County, California",2000,"Transportation and warehousing, and utilities",0,
"San Francisco County, California",2000,"Transportation and warehousing, and utilities",0,
"San Mateo County, California",2000,"Transportation and warehousing, and utilities",0,
"Alameda County, California",2000,"Transportation and warehousing, and utilities",0,
"Contra Costa County, California",2000,"Transportation and warehousing, and utilities",0,
"Santa Clara County, California",2000,"Transportation and warehousing, and utilities",0,
"Anne Arundel County, Maryland",2000,Information,0,
"Howard County, Maryland",2000,Information,0,
"Prince George's County, Maryland",2000,Information,0,
"Montgomery County, Maryland",2000,Information,0,
"District of Columbia, District of Columbia",2000,Information,0,
"Calvert County, Maryland",2000,Information,0,
"Marin County, California",2000,Information,0,
"San Francisco County, California",2000,Information,0,
"San Mateo County, California",2000,Information,0,
"Alameda County, California",2000,Information,0,
"Contra Costa County, California",2000,Information,0,
"Santa Clara County, California",2000,Information,0,
"Anne Arundel County, Maryland",2000,"Finance and insurance, and real estate and rental and leasing",0,
"Howard County, Maryland",2000,"Finance and insurance, and real estate and rental and leasing",0,
"Prince George's County, Maryland",2000,"Finance and insurance, and real estate and rental and leasing",0,
"Montgomery County, Maryland",2000,"Finance and insurance, and real estate and rental and leasing",0,
"District of Columbia, District of Columbia",2000,"Finance and insurance, and real estate and rental and leasing",0,
"Calvert County, Maryland",2000,"Finance and insurance, and real estate and rental and leasing",0,
"Marin County, California",2000,"Finance and insurance, and real estate and rental and leasing",0,
"San Francisco County, California",2000,"Finance and insurance, and real estate and rental and leasing",0,
"San Mateo County, California",2000,"Finance and insurance, and real estate and rental and leasing",0,
"Alameda County, California",2000,"Finance and insurance, and real estate and rental and leasing",0,
"Contra Costa County, California",2000,"Finance and insurance, and real estate and rental and leasing",0,
"Santa Clara County, California",2000,"Finance and insurance, and real estate and rental and leasing",0,
"Anne Arundel County, Maryland",2000,"Professional, scientific, and management, and administrative and waste management services",0,
"Howard County, Maryland",2000,"Professional, scientific, and management, and administrative and waste management services",0,
"Prince George's County, Maryland",2000,"Professional, scientific, and management, and administrative and waste management services",0,
"Montgomery County, Maryland",2000,"Professional, scientific, and management, and administrative and waste management services",0,
"District of Columbia, District of Columbia",2000,"Professional, scientific, and management, and administrative and waste management services",0,
"Calvert County, Maryland",2000,"Professional, scientific, and management, and administrative and waste management services",0,
"Marin County, California",2000,"Professional, scientific, and management, and administrative and waste management services",0,
"San Francisco County, California",2000,"Professional, scientific, and management, and administrative and waste management services",0,
"San Mateo County, California",2000,"Professional, scientific, and management, and administrative and waste management services",0,
"Alameda County, California",2000,"Professional, scientific, and management, and administrative and waste management services",0,
"Contra Costa County, California",2000,"Professional, scientific, and management, and administrative and waste management services",0,
"Santa Clara County, California",2000,"Professional, scientific, and management, and administrative and waste management services",0,
"Anne Arundel County, Maryland",2000,"Educational services, and health care and social assistance",0,
"Howard County, Maryland",2000,"Educational services, and health care and social assistance",0,
"Prince George's County, Maryland",2000,"Educational services, and health care and social assistance",0,
"Montgomery County, Maryland",2000,"Educational services, and health care and social assistance",0,
"District of Columbia, District of Columbia",2000,"Educational services, and health care and social assistance",0,
"Calvert County, Maryland",2000,"Educational services, and health care and social assistance",0,
"Marin County, California",2000,"Educational services, and health care and social assistance",0,
"San Francisco County, California",2000,"Educational services, and health care and social assistance",0,
"San Mateo County, California",2000,"Educational services, and health care and social assistance",0,
"Alameda County, California",2000,"Educational services, and health care and social assistance",0,
"Contra Costa County, California",2000,"Educational services, and health care and social assistance",0,
"Santa Clara County, California",2000,"Educational services, and health care and social assistance",0,
"Anne Arundel County, Maryland",2000,"Arts, entertainment, and recreation, and accommodation and food services",0,
"Howard County, Maryland",2000,"Arts, entertainment, and recreation, and accommodation and food services",0,
"Prince George's County, Maryland",2000,"Arts, entertainment, and recreation, and accommodation and food services",0,
"Montgomery County, Maryland",2000,"Arts, entertainment, and recreation, and accommodation and food services",0,
"District of Columbia, District of Columbia",2000,"Arts, entertainment, and recreation, and accommodation and food services",0,
"Calvert County, Maryland",2000,"Arts, entertainment, and recreation, and accommodation and food services",0,
"Marin County, California",2000,"Arts, entertainment, and recreation, and accommodation and food services",0,
"San Francisco County, California",2000,"Arts, entertainment, and recreation, and accommodation and food services",0,
"San Mateo County, California",2000,"Arts, entertainment, and recreation, and accommodation and food services",0,
"Alameda County, California",2000,"Arts, entertainment, and recreation, and accommodation and food services",0,
"Contra Costa County, California",2000,"Arts, entertainment, and recreation, and accommodation and food services",0,
"Santa Clara County, California",2000,"Arts, entertainment, and recreation, and accommodation and food services",0,
"Anne Arundel County, Maryland",2000,"Other services, except public administration",0,
"Howard County, Maryland",2000,"Other services, except public administration",0,
"Prince George's County, Maryland",2000,"Other services, except public administration",0,
"Montgomery County, Maryland",2000,"Other services, except public administration",0,
"District of Columbia, District of Columbia",2000,"Other services, except public administration",0,
"Calvert County, Maryland",2000,"Other services, except public administration",0,
"Marin County, California",2000,"Other services, except public administration",0,
"San Francisco County, California",2000,"Other services, except public administration",0,
"San Mateo County, California",2000,"Other services, except public administration",0,
"Alameda County, California",2000,"Other services, except public administration",0,
"Contra Costa County, California",2000,"Other services, except public administration",0,
"Santa Clara County, California",2000,"Other services, except public administration",0,
"Anne Arundel County, Maryland",2000,Public administration,0,
"Howard County, Maryland",2000,Public administration,0,
"Prince George's County, Maryland",2000,Public administration,0,
"Montgomery County, Maryland",2000,Public administration,0,
"District of Columbia, District of Columbia",2000,Public administration,0,
"Calvert County, Maryland",2000,Public administration,0,
"Marin County, California",2000,Public administration,0,
"San Francisco County, California",2000,Public administration,0,
"San Mateo County, California",2000,Public administration,0,
"Alameda County, California",2000,Public administration,0,
"Contra Costa County, California",2000,Public administration,0,
"Santa Clara County, California",2000,Public administration,0,
